resolution,mean_total_time,std_total_time,mean_sinkhorn_time,mean_interpolation_time,n_experiments
32,0.3047329822143951,0.737405713733186,0.30473231650018073,6.657142143744927e-07,45
48,0.11260688304901123,0.03228465454673887,0.11260616779327393,7.152557373046875e-07,2
64,0.37028300762176514,0.037458264495148136,0.3702824115753174,5.960464477539062e-07,2
96,1.3054275512695312,,1.305426836013794,7.152557373046875e-07,1
