resolution,mean_total_time,std_total_time,mean_sinkhorn_time,mean_interpolation_time,n_experiments
16,0.039218902587890625,,0.03921818733215332,7.152557373046875e-07,1
32,0.07464280658298068,0.04573940528105918,0.0746419005923801,9.059906005859375e-07,21
48,0.13595819473266602,0.026408203752561938,0.1359572410583496,9.5367431640625e-07,2
64,0.4732998212178548,0.11002537383571825,0.47329918543497723,6.357828776041666e-07,3
